<?xml version="1.0" encoding="UTF-8"?>
<project-private xmlns="http://www.netbeans.org/ns/project-private/1">
    <editor-bookmarks xmlns="http://www.netbeans.org/ns/editor-bookmarks/2" lastBookmarkId="0"/>
    <open-files xmlns="http://www.netbeans.org/ns/projectui-open-files/2">
        <group>
            <file>file:/C:/Users/grice/OneDrive/Documentos/UNI/Study/prog%202/netbeans%20proyectos/DiazZabalaGricel.PrimerParcial122/src/model/Arbol.java</file>
            <file>file:/C:/Users/grice/OneDrive/Documentos/UNI/Study/prog%202/netbeans%20proyectos/DiazZabalaGricel.PrimerParcial122/src/model/Arbusto.java</file>
            <file>file:/C:/Users/grice/OneDrive/Documentos/UNI/Study/prog%202/netbeans%20proyectos/DiazZabalaGricel.PrimerParcial122/src/model/Flor.java</file>
            <file>file:/C:/Users/grice/OneDrive/Documentos/UNI/Study/prog%202/netbeans%20proyectos/DiazZabalaGricel.PrimerParcial122/src/model/Jardin.java</file>
            <file>file:/C:/Users/grice/OneDrive/Documentos/UNI/Study/prog%202/netbeans%20proyectos/DiazZabalaGricel.PrimerParcial122/src/model/Planta.java</file>
            <file>file:/C:/Users/grice/OneDrive/Documentos/UNI/Study/prog%202/netbeans%20proyectos/DiazZabalaGricel.PrimerParcial122/src/model/Podable.java</file>
            <file>file:/C:/Users/grice/OneDrive/Documentos/UNI/Study/prog%202/netbeans%20proyectos/DiazZabalaGricel.PrimerParcial122/src/model/Aromatico.java</file>
            <file>file:/C:/Users/grice/OneDrive/Documentos/UNI/Study/prog%202/netbeans%20proyectos/DiazZabalaGricel.PrimerParcial122/src/model/TemporadaFlorecimiento.java</file>
            <file>file:/C:/Users/grice/OneDrive/Documentos/UNI/Study/prog%202/netbeans%20proyectos/DiazZabalaGricel.PrimerParcial122/src/exceptions/PlantaRepetidaException.java</file>
            <file>file:/C:/Users/grice/OneDrive/Documentos/UNI/Study/prog%202/netbeans%20proyectos/DiazZabalaGricel.PrimerParcial122/src/Main/Main.java</file>
        </group>
    </open-files>
</project-private>
